id,first_name,last_name,email
1,Tabitha,Boxen,tboxen0@howstuffworks.com
2,Zandra,Medmore,zmedmore1@apple.com
3,Edie,Kinder,ekinder2@spotify.com
4,Bernette,McCalum,bmccalum3@odnoklassniki.ru
5,Cristionna,Alps,calps4@indiegogo.com
6,Don,Senett,dsenett5@fda.gov
7,Delmar,Whyborn,dwhyborn6@accuweather.com
8,Vikki,McNess,vmcness7@miitbeian.gov.cn
9,Diarmid,Wogden,dwogden8@histats.com
10,Klaus,Loseke,kloseke9@latimes.com
99,Vinod,Kumar,vinod@vinod.co
98John,Doe,johndoe@mailinator.com
